{
    "type": "Circle",
    "r": 3.213
}{
    "type": "Square",
    "side": 4.0
}{
    "type": "Rectangle",
    "width": 1.0,
    "height": 2.0
}{
    "type": "Triangle",
    "left": 3.0,
    "right": 4.0,
    "base": 5.0
}{
    "type": "Triangle",
    "left": 959.9793177197075,
    "right": 852.7537892480651,
    "base": 466.83251002101633
}{
    "type": "Rectangle",
    "width": 548.2144280449955,
    "height": 421.28819082393994
}{
    "type": "Triangle",
    "left": 592.5465437386151,
    "right": 863.7844814857249,
    "base": 441.3899212641344
}